County,Obama,MedianAge,Male,White,AverageFamilySize,BachelorsorHigher,MedianHouseholdIncome,IndividualsBelowPoverty,Population,Registered Democrat
Decatur,28.42,36.4,48.9,96.5,2.96,15.1,27343,15.5,8689,20.21
Appanoose,16.67,40.6,47.8,98.2,2.89,12.2,28612,14.5,13721,21.69
Ringgold,6.25,43.2,48.5,99.1,2.9,13.4,29110,14.3,5469,6.25
Wayne,17.33,43,47.8,98.8,2.89,12.1,29380,14,6730,17.33
Adams,14,41.9,49.2,98.9,2.91,12,30453,9.3,4482,20.09
Lucas,20.29,39.9,48.6,98.4,2.98,11.1,30876,13.7,9422,16.07
Van Buren,13.33,40.8,49.9,98.6,2.96,11.8,31094,12.7,7809,13.33
Taylor,20,41.6,48.5,97.7,2.94,12,31297,12.1,6958,20
Union,25,40.1,47.9,98.4,2.87,14.7,31905,11.4,12309,25
Wapello,24.33,39.2,48.7,96.3,2.89,14.6,32188,13.2,36051,24.33
Audubon,35.42,42.4,47.9,99.2,2.94,12.3,32215,7.7,6830,21.98
Palo Alto,29.71,40.7,48.6,98.6,2.96,13.9,32409,10.6,10147,29.71
Fayette,34.29,39.4,49.4,97.7,2.96,13.8,32453,10.8,22008,14.71
Davis,16.8,38.5,49.5,98.3,3.13,11.4,32864,11.9,8541,26.88
Sac,33,42.1,48.9,98.5,2.92,13.6,32874,9.9,11529,33
Cass,32,41.6,48.5,98.8,2.87,16.6,32922,11.1,14684,12.33
Montgomery,35.38,40.4,47.4,98.2,2.91,12.9,33214,9.1,11771,35.38
Monona,31.25,43,48.5,75.1,2.88,13.4,33235,9.4,10020,31.25
Calhoun,30.53,42.4,49.5,98.1,2.87,15.4,33286,10.1,11115,14.13
Emmet,32,39.6,48.6,97.4,2.93,13,33305,8.2,11027,19.81
Pocahontas,18,42.5,49.1,98.5,2.91,15,33362,9.1,8662,18
Jefferson,45.45,41.1,48.9,96,2.93,31.2,33851,10.9,16181,12.08
Greene,35.38,41,48.8,98.2,2.97,14.6,33883,8.1,10366,18.71
Crawford,25.88,38.2,50.2,93.1,3.03,12.4,33922,11.1,16942,16.52
Allamakee,41.25,39.7,50.1,95.9,3.02,14.4,33967,9.6,14675,10.64
Keokuk,24.62,40,48.5,99,2.99,11.6,34025,10.1,11400,19.64
Clayton,43.33,40.2,49.4,98.9,2.98,12.8,34068,8.6,18678,18.59
Osceola,23.33,39.7,48.7,98,3.03,13.4,34274,7,7003,23.33
Clarke,21.25,38.6,49.2,96.6,3.01,12.1,34474,8.5,9133,21.36
Jackson,58.93,39.1,49.3,99,2.47,12.1,34529,10.3,20296,30.5
Kossuth,36.15,41.3,48.8,98.8,2.98,13.6,34562,10.2,17163,24.93
Howard,27.69,39.5,49.2,99.1,3.03,12.6,34641,9.3,9932,20.48
Ida,33.33,41.5,48.4,99,2.95,13.6,34805,8.8,7837,13.36
Mitchell,30,40.6,48.9,99.3,3.02,14.6,34843,10.7,10874,14.62
Monroe,26.15,39.7,48.7,98.4,2.97,12.6,34877,9,8016,26.15
Cherokee,35.56,41.7,49.3,98.3,2.91,15.2,35142,7.3,13035,16.97
Adair,32,41.8,49,98.9,2.89,11.2,35179,7.6,8243,14.81
Floyd,31.82,40.3,48.3,98.1,2.92,14.8,35237,9.3,16900,17.61
Buena Vista,37,36.4,50.1,88,3.08,18.7,35300,10.5,20411,11.69
Webster,33.75,37.7,50.1,93.4,2.97,16.9,35334,10,40235,33.75
Hardin,36.8,40.6,48.9,97.1,2.91,17.1,35429,8,18812,15.51
Page,30.67,40.2,50.7,96.1,2.87,16.6,35466,12.5,16976,30.67
O'Brien,27.27,40.7,48.9,98,2.97,14.7,35758,7.3,15102,27.27
Clay,40,39.4,48.3,98.1,2.92,16.3,35799,8.2,17372,13.76
Cerro Gordo,30.4,39.3,48.1,96.3,2.91,20.3,35867,8.5,46447,20.07
Butler,29,41.3,49,99,2.9,12.4,35883,8,15305,10.24
Franklin,33.75,41.3,49.1,94.9,2.93,14.5,36043,8,10704,11.87
Lee,32.26,39.5,49.5,94.2,2.93,12.5,36193,9.7,38052,26.25
Wright,37.65,41.4,49,95.9,2.92,13.5,36197,7,14334,37.65
Worth,26.67,40.7,49.6,98.4,2.88,12.7,36444,8.3,7909,26.67
Guthrie,28.33,41.9,49.4,98.6,2.86,14.9,36495,8,11353,16.78
Des Moines,40,38.9,48.3,93.7,2.94,16,36790,10.7,42351,31.21
Lyon,30,38.1,49.6,99.1,3.13,14.2,36878,7,11763,8.9
Delaware,36,37.1,49.6,99.3,3.15,13,37168,7.9,18404,13.39
Black Hawk,42.62,34.4,48,88.4,2.97,23,37266,13.1,128012,17.42
Carroll,34.84,38.7,48.7,98.9,3.07,16,37275,6.5,21421,22.9
Mahaska,28.57,37.2,49.8,97.2,2.96,16.5,37314,9.8,22335,13.79
Tama,35.29,39.1,49.1,90.4,3.01,12.9,37419,10.5,18103,35.29
Clinton,36.77,38.2,48.5,95.9,2.98,14.4,37423,10.2,50149,11.63
Shelby,35,40.5,48.9,98.7,2.99,15.3,37442,6,13173,35
Jones,53.25,38.5,52.2,96.7,2.95,12.7,37449,8.6,20221,17.04
Chickasaw,33,39.7,50,98.7,3,12.2,37649,8.3,13095,24.01
Hancock,30.77,39.7,49.2,97.7,3.01,15.4,37703,6,12100,13.41
Poweshiek,43.33,38.4,48,96.7,2.88,18.5,37836,9.8,18815,43.33
Buchanan,35.33,36.4,49.7,98.4,3.13,12.7,38036,9.4,21093,18.81
Harrison,26.67,38.9,49.1,98.7,3.02,12.7,38141,7.1,15666,17.02
Humboldt,28.89,41.3,48.9,98.6,2.94,15.4,38201,8.3,10381,13.46
Marshall,38.22,38.6,49.8,90.4,3,17,38268,10.2,39311,19.03
Fremont,29.69,41.2,48.8,98,2.93,14,38345,9.5,8010,17.08
Winnebago,31,39.8,48.9,97.4,2.91,16.5,38381,8.4,11723,31
Woodbury,35.59,34.2,49,87.5,3.13,18.9,38509,10.3,103877,35.59
Hamilton,40,39.1,49.5,96.7,2.95,17.5,38658,6.3,16438,16.32
Winneshiek,44,35.7,49.2,97.9,3.03,20.5,38908,8,21310,44
Dickinson,38.75,43.3,48.7,98.9,2.78,21.3,39020,6,16424,17.13
Louisa,32.65,35.9,49.7,93.9,3.11,12.7,39086,9.3,12183,14.05
Washington,38.46,38.8,48.2,97,3.04,16.4,39103,7.6,20670,38.46
Grundy,39.24,40.8,48.9,99,2.94,17.2,39396,4.6,12369,10.19
Dubuque,36.07,36.5,48.6,97.1,3.07,21.3,39582,7.8,89143,24.89
Henry,39.09,37.1,50.6,94.8,2.89,16.2,39807,8.8,20336,13.11
Johnson,53.12,28.4,49.8,90.1,2.97,47.6,40060,15,111006,25.22
Pottawattamie,26.4,36.5,48.9,96,3.03,15,40089,8.4,87704,26.4
Story,40.28,26.5,51.1,91.1,2.94,44.5,40442,14.1,79981,40.28
Sioux,37.33,32.8,49,97.3,3.19,19.8,40536,6.4,31589,37.33
Boone,30.71,38.6,49,98.5,2.95,18.8,40763,7.6,26224,21.24
Bremer,35,38.1,48.3,98.2,2.95,21.5,40826,5.1,23325,14.53
Iowa,40,38.8,48.7,98.7,3.03,15.8,41222,5,15671,14.39
Plymouth,40,37.8,49.7,98.2,3.12,19.3,41638,6,24849,40
Jasper,26.67,38.5,50.4,97.6,2.92,15.9,41683,6.5,37213,24.02
Muscatine,44.97,36.1,49.5,90.7,3.07,17.2,41803,8.9,41722,44.97
Madison,33.33,37.9,49.3,98.6,3.04,14.4,41845,6.7,14019,21.06
Cedar,40,39.2,49.4,98.5,2.96,16.3,42198,5.5,18187,15.28
Marion,35.65,37.2,49.6,97.5,3.02,18.9,42401,7.6,32052,19.33
Benton,28.75,37.2,50,98.8,3.04,13.9,42427,6.1,25308,16.62
Mills,26.67,38.1,50.2,98,3.04,16.3,42428,8.3,14547,12.39
Scott,48.29,35.4,48.9,88.5,3.04,24.9,42701,10.5,158668,48.29
Polk,39.33,34.4,48.5,88.3,3.04,29.7,46116,7.9,374601,39.33
Linn,42.6,35.2,49,93.9,2.99,27.7,46206,6.5,191701,17.42
Dallas,35,35.1,49.4,94.7,3.08,26.8,48528,5.6,40750,17.23
Warren,31.79,36,48.6,98.1,3.05,21.2,50349,5.1,40671,31.79
